[
    {
        "nom": "Grande Léo",
        "pays": "France",
        "temps": 1742
    },
    {
        "nom": "Makenzie Roy",
        "pays": "Belgique",
        "temps": 1621
    },
    {
        "nom": "Mannheim Luc",
        "pays": "Allemagne",
        "temps": 1681
    },
    {
        "nom": "Vanvoorde Kurt",
        "pays": "Pays-Bas",
        "temps": 1737
    },
    {
        "nom": "Dimario Antonio",
        "pays": "Italie",
        "temps": 1651
    },
    {
        "nom": "Ramirez José",
        "pays": "Espagne",
        "temps": 1733
    },
    {
        "nom": "Lopes Anthony",
        "pays": "Portugal",
        "temps": 1632
    },
    {
        "nom": "Wzacki Daniel",
        "pays": "Pologne",
        "temps": 1706
    },
    {
        "nom": "Papadakis Basil",
        "pays": "Grèce",
        "temps": 1679
    },
    {
        "nom": "Feigelfeld Markus",
        "pays": "Autriche",
        "temps": 1781
    }
]